Pages les plus populaires,Clics,Impressions,CTR,Position
https://www.hsechement.ch/,32,495,6.46%,25.44
https://www.hsechement.ch/entreprise,1,112,0.89%,16.98
https://www.hsechement.ch/urgence-degat-eau,0,158,0%,76
https://www.hsechement.ch/expert-en-assechement,0,147,0%,6.27
https://www.hsechement.ch/faq-questions-frequentes,0,73,0%,79.7
https://www.hsechement.ch/expert-en-assechement/mentions-legales,0,42,0%,7.9
https://www.hsechement.ch/assainissement,0,41,0%,44.54
https://www.hsechement.ch/contact,0,36,0%,4.81
https://www.hsechement.ch/entreprise/mentions-legales,0,22,0%,6.32
https://www.hsechement.ch/expert-en-assechement/politique-de-confidentialite,0,7,0%,25.86
https://www.hsechement.ch/entreprise/politique-de-confidentialite,0,4,0%,34.25