Requêtes les plus fréquentes,Clics,Impressions,CTR,Position
sèchement,1,3,33.33%,13
entreprise assèchement humidité arc lémanique,0,126,0%,2.63
assèchement,0,105,0%,82.61
fuite d'eau urgence,0,100,0%,90.13
assèchement après dégât des eaux,0,43,0%,98.4
assèchement bâtiment genève,0,32,0%,70.31
entreprise détection de fuites arc lémanique,0,26,0%,3.69
julien henchoz,0,9,0%,6.44
assechement,0,6,0%,77.67
sechement,0,4,0%,16.5
détection de fuite lausanne,0,4,0%,72.75
séchement,0,3,0%,13
assèchement humidité,0,1,0%,16